Schluessel,Name,Wert,Fläche,Bevölkerung(2018),männlich,weiblich,Anteil Alter0-17 in (%),Anteil Alter18-24 in (%),Anteil Alter25-44 in (%),Anteil Alter25-64 in (%),Anteil Alter65-alt in (%),Krankenhausbetten/1000 Einwohner,Einkommen,Raumtyp,Regiontyp,Raumtyp_Name,Personenkilometer pro Einwohner pro Tag,Anteil unter 3 Wege pro Tag,Anteil 3 oder mehr Wege pro Tag
1001,Flensburg,Kreisfreie Stadt,56.73,89 504,44 599,44 905,15.4,11.9,26.2,26.2,20.2,9.8,19296,74,Stadtregion,"kleinstädtischer, dörflicher Raum",44.4,0.51,0.48
1002,Kiel,Landeshauptstadt,118.65,247 548,120 566,126 982,14.7,11,30,25.8,18.5,10.1,19263,72,Stadtregion,Regiopole und Großstadt,36.1666666666667,0.49,0.51
1003,Lübeck,Hansestadt,214.19,217 198,104 371,112 827,15.2,8.2,24.9,28.5,23.2,9.1,20363,72,Stadtregion,Regiopole und Großstadt,36.1666666666667,0.49,0.51
1004,Neumünster,Kreisfreie Stadt,71.66,79 487,39 241,40 246,16.6,8.2,23.6,29,22.6,8.7,19233,74,Stadtregion,"kleinstädtischer, dörflicher Raum",44.4,0.51,0.48
1051,Dithmarschen,Landkreis,1 428.17,133 210,65 720,67 490,16,7.8,20.3,31.2,24.6,4.9,22866,77,ländliche Region,"kleinstädtischer, dörflicher Raum",43.7692307692308,0.53,0.47
1053,Herzogtum Lauenburg,Landkreis,1 263.07,197 264,96 881,100 383,17.4,6.8,22.1,31.4,22.3,3.1,23515,77,ländliche Region,"kleinstädtischer, dörflicher Raum",43.7692307692308,0.53,0.47
1054,Nordfriesland,Landkreis,2 083.55,165 507,81 099,84 408,16,7.8,21.4,30.9,23.9,4,25661,77,ländliche Region,"kleinstädtischer, dörflicher Raum",43.7692307692308,0.53,0.47
1055,Ostholstein,Landkreis,1 393.02,200 581,96 765,103 816,14.6,6.4,19.5,32.2,27.3,8.4,23068,77,ländliche Region,"kleinstädtischer, dörflicher Raum",43.7692307692308,0.53,0.47
1056,Pinneberg,Landkreis,664.25,314 391,154 211,160 180,17,7.2,22.9,30.8,22.1,2.8,24705,76,ländliche Region,"Mittelstadt, städtischer Raum",36.4166666666667,0.51,0.49
1057,Plön,Landkreis,1 083.56,128 647,62 532,66 115,16,6.6,19.4,32.2,25.8,2.2,23005,77,ländliche Region,"kleinstädtischer, dörflicher Raum",43.7692307692308,0.53,0.47
1058,Rendsburg-Eckernförde,Landkreis,2 189.79,272 775,134 109,138 666,17,7.1,20.7,32,23.2,3.5,23684,77,ländliche Region,"kleinstädtischer, dörflicher Raum",43.7692307692308,0.53,0.47
1059,Schleswig-Flensburg,Landkreis,2 071.28,200 025,99 092,100 933,17.1,7.1,20.9,31.3,23.6,3.6,22908,77,ländliche Region,"kleinstädtischer, dörflicher Raum",43.7692307692308,0.53,0.47
1060,Segeberg,Landkreis,1 344.47,276 032,136 517,139 515,17,7.1,23.1,31,21.7,6.1,23265,77,ländliche Region,"kleinstädtischer, dörflicher Raum",43.7692307692308,0.53,0.47
1061,Steinburg,Landkreis,1 055.70,131 347,64 923,66 424,16.4,7.4,20.9,32.6,22.6,4.6,21625,77,ländliche Region,"kleinstädtischer, dörflicher Raum",43.7692307692308,0.53,0.47
1062,Stormarn,Landkreis,766.21,243 196,118 831,124 365,17.3,6.7,21.8,31.2,23,4.5,25486,77,ländliche Region,"kleinstädtischer, dörflicher Raum",43.7692307692308,0.53,0.47
2000,Hamburg,NA,755.09,1 841 179,902 048,939 131,16.5,8,30.7,26.4,18.4,6.9,24404,71,Stadtregion,Metropole,39.8571428571429,0.48,0.52
3101,Braunschweig,Kreisfreie Stadt,192.7,248 292,122 985,125 307,14.6,8.9,28.6,26.9,21,7.8,22421,72,Stadtregion,Regiopole und Großstadt,36.1666666666667,0.49,0.51
3102,Salzgitter,Kreisfreie Stadt,224.49,104 948,52 202,52 746,17.6,8.2,22.9,28.5,22.8,4.3,19893,72,Stadtregion,Regiopole und Großstadt,36.1666666666667,0.49,0.51
3103,Wolfsburg,Kreisfreie Stadt,204.61,124 151,61 820,62 331,16.3,7.1,26.6,27.7,22.3,4.4,24774,72,Stadtregion,Regiopole und Großstadt,36.1666666666667,0.49,0.51
3151,Gifhorn,Landkreis,1 567.45,175 920,88 035,87 885,17.9,7.4,22.7,32.1,19.8,2.4,23939,77,ländliche Region,"kleinstädtischer, dörflicher Raum",43.7692307692308,0.53,0.47
3153,Goslar,Landkreis,966.72,137 014,67 834,69 180,13.7,7.7,20.5,31,27.2,7.5,21043,77,ländliche Region,"kleinstädtischer, dörflicher Raum",43.7692307692308,0.53,0.47
3154,Helmstedt,Landkreis,676.15,91 307,45 241,46 066,15.7,6.8,22.3,32,23.2,9.2,23293,77,ländliche Region,"kleinstädtischer, dörflicher Raum",43.7692307692308,0.53,0.47
3155,Northeim,Landkreis,1 268.76,132 765,65 445,67 320,15.2,7.1,20.2,32.3,25.3,3.5,22259,77,ländliche Region,"kleinstädtischer, dörflicher Raum",43.7692307692308,0.53,0.47
3157,Peine,Landkreis,536.5,133 965,66 286,67 679,17.6,7.3,21.9,31.8,21.4,2.2,21815,76,ländliche Region,"Mittelstadt, städtischer Raum",36.4166666666667,0.51,0.49
3158,Wolfenbüttel,Landkreis,724.3,119 960,59 370,60 590,15.8,7.6,21.1,32.2,23.4,2.5,22381,77,ländliche Region,"kleinstädtischer, dörflicher Raum",43.7692307692308,0.53,0.47
3159,Göttingen,Landkreis,1 755.41,328 074,161 187,166 887,15.2,9.4,23.8,29.2,22.3,10.4,20901,77,ländliche Region,"kleinstädtischer, dörflicher Raum",43.7692307692308,0.53,0.47
3241,Region Hannover,Landkreis,2 297.13,1 157 624,567 201,590 423,16.5,8.1,25.7,28.7,21.1,6.1,21613,76,ländliche Region,"Mittelstadt, städtischer Raum",36.4166666666667,0.51,0.49
3251,Diepholz,Landkreis,1 991.01,216 886,107 853,109 033,16.7,7.4,21.6,32.1,22.2,2.3,23606,77,ländliche Region,"kleinstädtischer, dörflicher Raum",43.7692307692308,0.53,0.47
3252,Hameln-Pyrmont,Landkreis,797.54,148 559,71 840,76 719,15.7,7.1,20.5,31.3,25.4,7.6,21962,76,ländliche Region,"Mittelstadt, städtischer Raum",36.4166666666667,0.51,0.49
3254,Hildesheim,Landkreis,1 208.33,276 594,134 912,141 682,15.6,8.4,22,30.7,23.2,6.3,21282,76,ländliche Region,"Mittelstadt, städtischer Raum",36.4166666666667,0.51,0.49
3255,Holzminden,Landkreis,694.27,70 975,35 187,35 788,15.2,7.5,20.1,31.3,26,2.9,21459,77,ländliche Region,"kleinstädtischer, dörflicher Raum",43.7692307692308,0.53,0.47
3256,Nienburg (Weser),Landkreis,1 400.82,121 386,60 400,60 986,17,7.7,21.4,32,22,2.9,21366,77,ländliche Region,"kleinstädtischer, dörflicher Raum",43.7692307692308,0.53,0.47
3257,Schaumburg,Landkreis,675.65,157 781,77 174,80 607,15.8,7.3,20.7,31.8,24.4,3.4,21860,77,ländliche Region,"kleinstädtischer, dörflicher Raum",43.7692307692308,0.53,0.47
3351,Celle,Landkreis,1 550.82,178 936,88 054,90 882,17.3,7.2,22.1,30.2,23.2,3.9,20895,77,ländliche Region,"kleinstädtischer, dörflicher Raum",43.7692307692308,0.53,0.47
3352,Cuxhaven,Landkreis,2 058.96,198 213,97 044,101 169,16.2,6.9,20.4,31.5,25,3.3,22081,77,ländliche Region,"kleinstädtischer, dörflicher Raum",43.7692307692308,0.53,0.47
3353,Harburg,Landkreis,1 248.45,252 776,124 502,128 274,17.2,7.1,21.8,31.6,22.2,3,25670,77,ländliche Region,"kleinstädtischer, dörflicher Raum",43.7692307692308,0.53,0.47
3354,Lüchow-Dannenberg,Landkreis,1 227.16,48 424,23 839,24 585,15.3,6.2,19,31.9,27.6,2.4,21051,77,ländliche Region,"kleinstädtischer, dörflicher Raum",43.7692307692308,0.53,0.47
3355,Lüneburg,Landkreis,1 327.80,183 372,89 543,93 829,17.4,8.6,24.1,30.2,19.8,4.9,20942,77,ländliche Region,"kleinstädtischer, dörflicher Raum",43.7692307692308,0.53,0.47
3356,Osterholz,Landkreis,652.67,113 517,55 765,57 752,16.7,7,20.7,32.4,23.2,2.1,22874,77,ländliche Region,"kleinstädtischer, dörflicher Raum",43.7692307692308,0.53,0.47
3357,Rotenburg (Wümme),Landkreis,2 074.78,163 455,82 132,81 323,17.2,8,22.4,31.4,20.9,6.2,22709,77,ländliche Region,"kleinstädtischer, dörflicher Raum",43.7692307692308,0.53,0.47
3358,Heidekreis,Landkreis,1 881.45,139 755,69 757,69 998,16.8,7.7,22.2,30.9,22.3,3.5,21070,77,ländliche Region,"kleinstädtischer, dörflicher Raum",43.7692307692308,0.53,0.47
3359,Stade,Landkreis,1 267.38,203 102,101 043,102 059,17.6,7.7,23.3,30.2,21.2,4.6,22944,77,ländliche Region,"kleinstädtischer, dörflicher Raum",43.7692307692308,0.53,0.47
3360,Uelzen,Landkreis,1 462.59,92 572,45 241,47 331,15.4,7.3,20.5,31.9,25,8.7,21284,77,ländliche Region,"kleinstädtischer, dörflicher Raum",43.7692307692308,0.53,0.47
3361,Verden,Landkreis,789.33,136 792,67 166,69 626,17.6,7.5,22,31,22,1.9,23705,77,ländliche Region,"kleinstädtischer, dörflicher Raum",43.7692307692308,0.53,0.47
3401,Delmenhorst,Kreisfreie Stadt,62.45,77 607,38 437,39 170,17.3,8,23.6,29.1,22,4.1,19396,75,ländliche Region,zentrale Stadt,34.8,0.48,0.52
3402,Emden,Kreisfreie Stadt,112.34,50 195,25 084,25 111,16.7,9.5,24.6,28.2,21,8.3,18923,74,Stadtregion,"kleinstädtischer, dörflicher Raum",44.4,0.51,0.48
3403,Oldenburg (Oldenburg),Kreisfreie Stadt,103.09,168 210,80 501,87 709,15.6,9.9,27.9,27.7,18.9,10.3,19920,72,Stadtregion,Regiopole und Großstadt,36.1666666666667,0.49,0.51
3404,Osnabrück,Kreisfreie Stadt,119.8,164 748,79 756,84 992,15,12,28.6,25.8,18.7,12.9,21043,72,Stadtregion,Regiopole und Großstadt,36.1666666666667,0.49,0.51
3405,Wilhelmshaven,Kreisfreie Stadt,107.07,76 278,37 596,38 682,14.3,9.2,22.1,28.2,26.2,7.8,18498,74,Stadtregion,"kleinstädtischer, dörflicher Raum",44.4,0.51,0.48
3451,Ammerland,Landkreis,730.64,124 071,60 658,63 413,17.4,7.4,21.5,30.9,22.8,7,22616,76,ländliche Region,"Mittelstadt, städtischer Raum",36.4166666666667,0.51,0.49
3452,Aurich,Landkreis,1 287.35,189 848,93 555,96 293,16.8,7.9,21.5,31.2,22.5,3.7,20754,77,ländliche Region,"kleinstädtischer, dörflicher Raum",43.7692307692308,0.53,0.47
3453,Cloppenburg,Landkreis,1 420.35,169 348,85 707,83 641,20.5,9.4,25,28.9,16.2,2.9,21160,77,ländliche Region,"kleinstädtischer, dörflicher Raum",43.7692307692308,0.53,0.47
3454,Emsland,Landkreis,2 883.66,325 657,165 784,159 873,18.3,8.4,24.6,30,18.7,5.5,22087,77,ländliche Region,"kleinstädtischer, dörflicher Raum",43.7692307692308,0.53,0.47
3455,Friesland,Landkreis,609.53,98 460,48 064,50 396,16,7.2,19.6,31.4,25.8,5.2,21026,76,ländliche Region,"Mittelstadt, städtischer Raum",36.4166666666667,0.51,0.49
3456,Grafschaft Bentheim,Landkreis,981.79,136 511,68 305,68 206,18.2,8.1,22.8,30.6,20.4,4.4,20538,77,ländliche Region,"kleinstädtischer, dörflicher Raum",43.7692307692308,0.53,0.47
3457,Leer,Landkreis,1 085.72,169 809,84 810,84 999,17.4,8.1,22.8,30.6,21.1,4.2,19675,77,ländliche Region,"kleinstädtischer, dörflicher Raum",43.7692307692308,0.53,0.47
3458,Oldenburg,Landkreis,1 064.84,130 144,64 574,65 570,17.4,7.7,21.5,32.4,21,1.8,23295,77,ländliche Region,"kleinstädtischer, dörflicher Raum",43.7692307692308,0.53,0.47
3459,Osnabrück,Landkreis,2 121.81,357 343,177 430,179 913,17.9,8,22.6,31,20.4,4.6,23227,77,ländliche Region,"kleinstädtischer, dörflicher Raum",43.7692307692308,0.53,0.47
3460,Vechta,Landkreis,814.2,141 598,71 595,70 003,19.9,9.7,25.6,28.9,15.9,6.2,23167,76,ländliche Region,"Mittelstadt, städtischer Raum",36.4166666666667,0.51,0.49
3461,Wesermarsch,Landkreis,824.78,88 624,44 410,44 214,16.3,7.8,20.7,32,23.2,2.4,21626,77,ländliche Region,"kleinstädtischer, dörflicher Raum",43.7692307692308,0.53,0.47
3462,Wittmund,Landkreis,656.86,56 882,27 919,28 963,16.5,7.6,20.4,31.2,24.2,2.9,21396,77,ländliche Region,"kleinstädtischer, dörflicher Raum",43.7692307692308,0.53,0.47
4011,Bremen,Kreisfreie Stadt,317.83,569 352,281 336,288 016,15.8,8.7,27,27.5,21,7.1,21928,71,Stadtregion,Metropole,39.8571428571429,0.48,0.52
4012,Bremerhaven,Kreisfreie Stadt,101.53,113 634,56 699,56 935,17.4,8.4,24.1,28.3,21.8,8.9,18658,72,Stadtregion,Regiopole und Großstadt,36.1666666666667,0.49,0.51
5111,Düsseldorf,Kreisfreie Stadt,217.41,619 294,299 315,319 979,15.9,7.2,30,27.4,19.4,8.2,25817,71,Stadtregion,Metropole,39.8571428571429,0.48,0.52
5112,Duisburg,Kreisfreie Stadt,232.8,498 590,246 588,252 002,17,8.3,25.5,28.8,20.4,9.3,17049,71,Stadtregion,Metropole,39.8571428571429,0.48,0.52
5113,Essen,Kreisfreie Stadt,210.34,583 109,283 005,300 104,16,8,26.1,28.4,21.5,9.7,20316,71,Stadtregion,Metropole,39.8571428571429,0.48,0.52
5114,Krefeld,Kreisfreie Stadt,137.77,227 020,110 745,116 275,16.4,7.8,23.7,30.1,22,9.2,21594,73,Stadtregion,"Mittelstadt, städtischer Raum",39.0476190476191,0.52,0.49
5116,Mönchengladbach,Kreisfreie Stadt,170.47,261 454,128 655,132 799,16.5,8.1,24.7,29.9,20.7,8.1,20751,73,Stadtregion,"Mittelstadt, städtischer Raum",39.0476190476191,0.52,0.49
5117,Mülheim an der Ruhr,Kreisfreie Stadt,91.28,170 880,82 387,88 493,15.9,7.1,23,30.3,23.7,5.4,23139,73,Stadtregion,"Mittelstadt, städtischer Raum",39.0476190476191,0.52,0.49
5119,Oberhausen,Kreisfreie Stadt,77.09,210 829,103 612,107 217,15.8,7.6,24.5,30.5,21.7,6.9,18578,73,Stadtregion,"Mittelstadt, städtischer Raum",39.0476190476191,0.52,0.49
5120,Remscheid,Kreisfreie Stadt,74.52,110 994,54 664,56 330,16.7,7.5,22.9,30.6,22.3,9.2,22559,73,Stadtregion,"Mittelstadt, städtischer Raum",39.0476190476191,0.52,0.49
5122,Solingen,Kreisfreie Stadt,89.54,159 360,77 471,81 889,16.8,7.7,23.4,30.7,21.4,6.6,23354,73,Stadtregion,"Mittelstadt, städtischer Raum",39.0476190476191,0.52,0.49
5124,Wuppertal,Kreisfreie Stadt,168.39,354 382,173 687,180 695,17,8.4,25,28.8,20.9,5.9,21183,73,Stadtregion,"Mittelstadt, städtischer Raum",39.0476190476191,0.52,0.49
5154,Kleve,Kreis,1 232.99,310 974,154 628,156 346,16.7,8.2,23.3,31.5,20.3,5.4,20870,76,ländliche Region,"Mittelstadt, städtischer Raum",36.4166666666667,0.51,0.49
5158,Mettmann,Kreis,407.22,485 684,234 705,250 979,16.6,6.8,21.7,31.1,23.8,4.6,25478,75,ländliche Region,zentrale Stadt,34.8,0.48,0.52
5162,Rhein-Kreis Neuss,NA,576.28,451 007,219 214,231 793,17.2,6.9,22.9,31.1,21.8,4.4,25303,75,ländliche Region,zentrale Stadt,34.8,0.48,0.52
5166,Viersen,Kreis,563.28,298 935,145 913,153 022,16.3,7.4,21.7,32.9,21.8,4.7,23113,76,ländliche Region,"Mittelstadt, städtischer Raum",36.4166666666667,0.51,0.49
5170,Wesel,Kreis,1 042.80,459 809,224 137,235 672,15.7,7,22,32.3,22.9,5.5,22034,75,ländliche Region,zentrale Stadt,34.8,0.48,0.52
5314,Bonn,Kreisfreie Stadt,141.06,327 258,156 328,170 930,17.3,9.9,28.4,26.4,18,12.8,23400,73,Stadtregion,"Mittelstadt, städtischer Raum",39.0476190476191,0.52,0.49
5315,Köln,Kreisfreie Stadt,405.01,1 085 664,529 368,556 296,16.1,8.5,31.2,26.7,17.4,6.6,22319,71,Stadtregion,Metropole,39.8571428571429,0.48,0.52
5316,Leverkusen,Kreisfreie Stadt,78.87,163 838,79 787,84 051,17,7.3,24,29.9,21.7,6.6,21604,73,Stadtregion,"Mittelstadt, städtischer Raum",39.0476190476191,0.52,0.49
5334,Städteregion Aachen (einschl. Stadt Aachen),NA,706.91,555 465,280 162,275 303,15.5,11,25.2,28.1,20.2,6.9,20528,75,ländliche Region,zentrale Stadt,34.8,0.48,0.52
5358,Düren,Kreis,941.49,263 722,130 761,132 961,16.7,8.2,22.8,31.3,21.1,6.8,21190,76,ländliche Region,"Mittelstadt, städtischer Raum",36.4166666666667,0.51,0.49
5362,Rhein-Erft-Kreis,NA,704.71,470 089,230 062,240 027,17.1,7.4,23.3,30.9,21.3,3.1,22543,75,ländliche Region,zentrale Stadt,34.8,0.48,0.52
5366,Euskirchen,Kreis,1 248.73,192 840,95 124,97 716,16.8,7.5,22,32.4,21.3,5.7,21835,76,ländliche Region,"Mittelstadt, städtischer Raum",36.4166666666667,0.51,0.49
5370,Heinsberg,Kreis,627.91,254 322,125 849,128 473,16.8,7.7,22.8,32.1,20.6,3.8,20350,76,ländliche Region,"Mittelstadt, städtischer Raum",36.4166666666667,0.51,0.49
5374,Oberbergischer Kreis,NA,918.85,272 471,134 069,138 402,17.5,8,22.3,31,21.1,5.7,23202,76,ländliche Region,"Mittelstadt, städtischer Raum",36.4166666666667,0.51,0.49
5378,Rheinisch-Bergischer Kreis,NA,437.32,283 455,137 572,145 883,16.8,7.1,21,32,23.1,4.1,26314,76,ländliche Region,"Mittelstadt, städtischer Raum",36.4166666666667,0.51,0.49
5382,Rhein-Sieg-Kreis,NA,1 153.20,599 780,294 093,305 687,17.6,7.6,22.5,31.2,21.1,2.4,23936,76,ländliche Region,"Mittelstadt, städtischer Raum",36.4166666666667,0.51,0.49
5512,Bottrop,Kreisfreie Stadt,100.61,117 383,57 101,60 282,15.6,7.4,23.2,31.7,22.1,6,20322,73,Stadtregion,"Mittelstadt, städtischer Raum",39.0476190476191,0.52,0.49
5513,Gelsenkirchen,Kreisfreie Stadt,104.94,260 654,129 778,130 876,17.4,8,24.7,29.3,20.6,6.8,16312,73,Stadtregion,"Mittelstadt, städtischer Raum",39.0476190476191,0.52,0.49
5515,Münster,Kreisfreie Stadt,303.28,314 319,150 836,163 483,15,12.6,30.1,25.5,16.9,11.9,23683,72,Stadtregion,Regiopole und Großstadt,36.1666666666667,0.49,0.51
5554,Borken,Kreis,1 420.98,370 676,185 195,185 481,18.5,8.5,23.5,30.9,18.7,5.1,22641,76,ländliche Region,"Mittelstadt, städtischer Raum",36.4166666666667,0.51,0.49
5558,Coesfeld,Kreis,1 112.05,219 929,108 564,111 365,17.4,7.9,21.9,32.3,20.4,3.9,23809,76,ländliche Region,"Mittelstadt, städtischer Raum",36.4166666666667,0.51,0.49
5562,Recklinghausen,Kreis,761.31,615 261,300 019,315 242,16,7.4,22.4,31.8,22.5,7.9,20411,75,ländliche Region,zentrale Stadt,34.8,0.48,0.52
5566,Steinfurt,Kreis,1 795.76,447 614,222 633,224 981,18.2,8.4,22.7,31.1,19.6,4.6,22357,76,ländliche Region,"Mittelstadt, städtischer Raum",36.4166666666667,0.51,0.49
5570,Warendorf,Kreis,1 319.42,277 783,137 298,140 485,17.9,7.9,22.4,31,20.9,4.8,23421,76,ländliche Region,"Mittelstadt, städtischer Raum",36.4166666666667,0.51,0.49
5711,Bielefeld,Kreisfreie Stadt,258.83,333 786,161 078,172 708,17.1,9.2,26.5,27.2,19.9,11.9,22645,72,Stadtregion,Regiopole und Großstadt,36.1666666666667,0.49,0.51
5754,Gütersloh,Kreis,969.21,364 083,181 844,182 239,18,8.3,23.9,30.4,19.3,3.9,25444,76,ländliche Region,"Mittelstadt, städtischer Raum",36.4166666666667,0.51,0.49
5758,Herford,Kreis,450.41,250 783,122 959,127 824,17,7.6,22.6,30.8,21.9,4.3,22791,76,ländliche Region,"Mittelstadt, städtischer Raum",36.4166666666667,0.51,0.49
5762,Höxter,Kreis,1 201.42,140 667,70 059,70 608,16.8,7.9,21.3,31.7,22.3,7.5,22040,76,ländliche Region,"Mittelstadt, städtischer Raum",36.4166666666667,0.51,0.49
5766,Lippe,Kreis,1 246.22,348 391,170 965,177 426,17.9,8,21.9,30,22.3,4,22692,76,ländliche Region,"Mittelstadt, städtischer Raum",36.4166666666667,0.51,0.49
5770,Minden-Lübbecke,Kreis,1 152.41,310 710,153 305,157 405,17.5,7.8,22.2,30.7,21.8,7.6,23427,76,ländliche Region,"Mittelstadt, städtischer Raum",36.4166666666667,0.51,0.49
5774,Paderborn,Kreis,1 246.80,306 890,153 622,153 268,17.9,9.2,26.1,29,17.8,5.7,21774,76,ländliche Region,"Mittelstadt, städtischer Raum",36.4166666666667,0.51,0.49
5911,Bochum,Kreisfreie Stadt,145.66,364 628,177 699,186 929,14.6,8.8,26.1,28.6,22,9.3,20137,73,Stadtregion,"Mittelstadt, städtischer Raum",39.0476190476191,0.52,0.49
5913,Dortmund,Kreisfreie Stadt,280.71,587 010,288 386,298 624,16.2,8.6,26.5,28.3,20.4,6.7,19358,71,Stadtregion,Metropole,39.8571428571429,0.48,0.52
5914,Hagen,Kreisfreie Stadt,160.45,188 814,92 168,96 646,17.1,7.7,23.1,29.7,22.5,8.5,20086,73,Stadtregion,"Mittelstadt, städtischer Raum",39.0476190476191,0.52,0.49
5915,Hamm,Kreisfreie Stadt,226.43,179 111,88 024,91 087,17.6,8.5,24.3,28.9,20.7,10,18404,73,Stadtregion,"Mittelstadt, städtischer Raum",39.0476190476191,0.52,0.49
5916,Herne,Kreisfreie Stadt,51.42,156 374,76 649,79 725,16.1,8.1,24,29.9,21.8,10.6,17888,73,Stadtregion,"Mittelstadt, städtischer Raum",39.0476190476191,0.52,0.49
5954,Ennepe-Ruhr-Kreis,NA,409.64,324 296,157 490,166 806,15.3,7.2,22.1,31.9,23.5,5.9,24614,76,ländliche Region,"Mittelstadt, städtischer Raum",36.4166666666667,0.51,0.49
5958,Hochsauerlandkreis,NA,1 960.17,260 475,129 947,130 528,16.6,7.8,22.2,31.7,21.8,8,24103,76,ländliche Region,"Mittelstadt, städtischer Raum",36.4166666666667,0.51,0.49
5962,Märkischer Kreis,NA,1 061.06,412 120,202 817,209 303,16.7,7.6,22.4,31.4,21.9,6.9,25063,76,ländliche Region,"Mittelstadt, städtischer Raum",36.4166666666667,0.51,0.49
5966,Olpe,Kreis,712.14,134 775,67 610,67 165,17.4,7.9,23.2,31.6,19.9,6.3,28044,76,ländliche Region,"Mittelstadt, städtischer Raum",36.4166666666667,0.51,0.49
5970,Siegen-Wittgenstein,Kreis,1 132.89,278 210,138 358,139 852,16.2,8.8,23.8,29.9,21.3,7.2,23513,76,ländliche Region,"Mittelstadt, städtischer Raum",36.4166666666667,0.51,0.49
5974,Soest,Kreis,1 328.64,301 902,150 022,151 880,17.1,7.8,22.8,31.3,21,6.7,22735,76,ländliche Region,"Mittelstadt, städtischer Raum",36.4166666666667,0.51,0.49
5978,Unna,Kreis,543.21,394 782,192 304,202 478,16.1,7.5,22.3,31.6,22.6,6.7,21498,75,ländliche Region,zentrale Stadt,34.8,0.48,0.52
6411,Darmstadt,Kreisfreie Stadt,122.07,159 207,81 217,77 990,16,11.3,30.8,24.7,17.3,9.8,22788,73,Stadtregion,"Mittelstadt, städtischer Raum",39.0476190476191,0.52,0.49
6412,Frankfurt am Main,Kreisfreie Stadt,248.31,753 056,371 671,381 385,16.8,7.6,34,26,15.7,8,22144,71,Stadtregion,Metropole,39.8571428571429,0.48,0.52
6413,Offenbach am Main,Kreisfreie Stadt,44.88,128 744,63 699,65 045,18.4,8.3,30.1,26.5,16.7,9.5,18023,73,Stadtregion,"Mittelstadt, städtischer Raum",39.0476190476191,0.52,0.49
6414,Wiesbaden,Landeshauptstadt,203.87,278 342,132 943,145 399,17.7,7.9,26.7,27.8,19.9,7.1,25344,73,Stadtregion,"Mittelstadt, städtischer Raum",39.0476190476191,0.52,0.49
6431,Bergstraße,Landkreis,719.47,269 694,133 318,136 376,16.1,7.4,22.6,31.9,22,3.5,23935,76,ländliche Region,"Mittelstadt, städtischer Raum",36.4166666666667,0.51,0.49
6432,Darmstadt-Dieburg,Landkreis,658.64,297 399,147 786,149 613,17,7.7,23.6,31,20.6,1.4,23949,76,ländliche Region,"Mittelstadt, städtischer Raum",36.4166666666667,0.51,0.49
6433,Groß-Gerau,Landkreis,453.03,274 526,137 325,137 201,17.8,7.9,26.1,28.9,19.3,3.8,21093,76,ländliche Region,"Mittelstadt, städtischer Raum",36.4166666666667,0.51,0.49
6434,Hochtaunuskreis,NA,481.84,236 564,114 878,121 686,18,6.7,22,30.7,22.5,5.2,33827,76,ländliche Region,"Mittelstadt, städtischer Raum",36.4166666666667,0.51,0.49
6435,Main-Kinzig-Kreis,NA,1 397.32,418 950,206 555,212 395,16.7,7.6,23.8,30.6,21.3,4.3,23600,76,ländliche Region,"Mittelstadt, städtischer Raum",36.4166666666667,0.51,0.49
6436,Main-Taunus-Kreis,NA,222.53,237 735,116 332,121 403,18,6.8,24.1,30,21.2,2.9,27007,76,ländliche Region,"Mittelstadt, städtischer Raum",36.4166666666667,0.51,0.49
6437,Odenwaldkreis,NA,623.97,96 798,47 875,48 923,15.8,7.3,21.9,31.6,23.3,4.9,21886,76,ländliche Region,"Mittelstadt, städtischer Raum",36.4166666666667,0.51,0.49
6438,Offenbach,Landkreis,356.24,354 092,174 417,179 675,17.4,7.3,24.6,29.6,21.1,2,23761,76,ländliche Region,"Mittelstadt, städtischer Raum",36.4166666666667,0.51,0.49
6439,Rheingau-Taunus-Kreis,NA,811.41,187 157,91 962,95 195,16.4,7.4,21.7,31.8,22.7,3.5,24962,76,ländliche Region,"Mittelstadt, städtischer Raum",36.4166666666667,0.51,0.49
6440,Wetteraukreis,NA,1 100.66,306 460,151 276,155 184,16.8,7.6,23.6,31,20.9,4.5,23660,76,ländliche Region,"Mittelstadt, städtischer Raum",36.4166666666667,0.51,0.49
6531,Gießen,Landkreis,854.56,268 876,132 135,136 741,15.7,10.9,26.2,27.9,19.2,9,20902,76,ländliche Region,"Mittelstadt, städtischer Raum",36.4166666666667,0.51,0.49
6532,Lahn-Dill-Kreis,NA,1 066.30,253 777,125 090,128 687,16.5,7.8,23,30.8,21.9,7,23191,76,ländliche Region,"Mittelstadt, städtischer Raum",36.4166666666667,0.51,0.49
6533,Limburg-Weilburg,Landkreis,738.44,172 083,85 571,86 512,16.8,7.7,22.9,31.4,21.2,6,21869,77,ländliche Region,"kleinstädtischer, dörflicher Raum",43.7692307692308,0.53,0.47
6534,Marburg-Biedenkopf,Landkreis,1 262.37,246 648,121 414,125 234,16,10.9,25.2,28.4,19.4,6.3,20887,77,ländliche Region,"kleinstädtischer, dörflicher Raum",43.7692307692308,0.53,0.47
6535,Vogelsbergkreis,NA,1 458.91,105 878,52 992,52 886,15.1,7.2,21.2,32.5,24,6.6,22626,77,ländliche Region,"kleinstädtischer, dörflicher Raum",43.7692307692308,0.53,0.47
6611,Kassel,Kreisfreie Stadt,106.8,201 585,99 007,102 578,15.7,10.2,28.2,26.4,19.5,13.5,19135,72,Stadtregion,Regiopole und Großstadt,36.1666666666667,0.49,0.51
6631,Fulda,Landkreis,1 380.41,222 584,110 592,111 992,17.1,8.5,23.7,29.9,20.9,7,22598,77,ländliche Region,"kleinstädtischer, dörflicher Raum",43.7692307692308,0.53,0.47
6632,Hersfeld-Rotenburg,Landkreis,1 097.75,120 829,60 523,60 306,16,7.2,21.9,31.1,23.8,8.6,21184,77,ländliche Region,"kleinstädtischer, dörflicher Raum",43.7692307692308,0.53,0.47
6633,Kassel,Landkreis,1 293.35,236 633,116 122,120 511,15.7,6.9,21.1,31.7,24.7,3.6,22238,77,ländliche Region,"kleinstädtischer, dörflicher Raum",43.7692307692308,0.53,0.47
6634,Schwalm-Eder-Kreis,NA,1 539.01,180 222,90 181,90 041,15.8,7.2,22.1,31.8,23,3.6,21546,77,ländliche Region,"kleinstädtischer, dörflicher Raum",43.7692307692308,0.53,0.47
6635,Waldeck-Frankenberg,Landkreis,1 848.70,156 953,78 198,78 755,16.3,7.4,21.6,31.7,23,10.9,21678,77,ländliche Region,"kleinstädtischer, dörflicher Raum",43.7692307692308,0.53,0.47
6636,Werra-Meißner-Kreis,NA,1 024.83,101 017,49 965,51 052,14.8,7.5,20.5,31.8,25.4,5.8,20280,77,ländliche Region,"kleinstädtischer, dörflicher Raum",43.7692307692308,0.53,0.47
7111,Koblenz,Kreisfreie Stadt,105.25,114 024,55 628,58 396,14.6,9.8,27.7,26.2,21.6,17.1,21357,72,Stadtregion,Regiopole und Großstadt,36.1666666666667,0.49,0.51
7131,Ahrweiler,Landkreis,787.02,129 727,63 755,65 972,15.3,7.5,21.1,31.8,24.3,5.9,23643,77,ländliche Region,"kleinstädtischer, dörflicher Raum",43.7692307692308,0.53,0.47
7132,Altenkirchen (Westerwald),Landkreis,642.38,128 705,63 859,64 846,16.4,7.7,22.2,31.7,22,3,21486,77,ländliche Region,"kleinstädtischer, dörflicher Raum",43.7692307692308,0.53,0.47
7133,Bad Kreuznach,Landkreis,863.89,158 080,77 185,80 895,16.3,7.1,22,31.6,23,6.1,22213,77,ländliche Region,"kleinstädtischer, dörflicher Raum",43.7692307692308,0.53,0.47
7134,Birkenfeld,Landkreis,776.83,80 720,40 021,40 699,15.1,7.3,21.6,31.9,24.1,8.3,21626,77,ländliche Region,"kleinstädtischer, dörflicher Raum",43.7692307692308,0.53,0.47
7135,Cochem-Zell,Landkreis,692.43,61 587,30 841,30 746,15.2,7.2,21.1,32.4,24,6.9,22726,77,ländliche Region,"kleinstädtischer, dörflicher Raum",43.7692307692308,0.53,0.47
7137,Mayen-Koblenz,Landkreis,817.73,214 259,105 746,108 513,16.4,7.3,22.9,31.7,21.6,3.5,22157,77,ländliche Region,"kleinstädtischer, dörflicher Raum",43.7692307692308,0.53,0.47
7138,Neuwied,Landkreis,627.06,181 941,89 488,92 453,16.9,7.6,21.9,31.5,22.1,8.8,23015,77,ländliche Region,"kleinstädtischer, dörflicher Raum",43.7692307692308,0.53,0.47
7140,Rhein-Hunsrück-Kreis,NA,991.06,102 937,51 206,51 731,16.1,7.1,22,32.3,22.3,4.3,23978,77,ländliche Region,"kleinstädtischer, dörflicher Raum",43.7692307692308,0.53,0.47
7141,Rhein-Lahn-Kreis,NA,782.24,122 308,60 525,61 783,15.8,7.1,21.9,32,23.1,8.3,22399,77,ländliche Region,"kleinstädtischer, dörflicher Raum",43.7692307692308,0.53,0.47
7143,Westerwaldkreis,NA,989.04,201 597,100 218,101 379,16.9,7.4,22.8,32.1,20.9,2.7,24845,77,ländliche Region,"kleinstädtischer, dörflicher Raum",43.7692307692308,0.53,0.47
7211,Trier,Kreisfreie Stadt,117.06,110 636,54 444,56 192,14.3,11.9,30.5,25.6,17.7,14.3,20582,72,Stadtregion,Regiopole und Großstadt,36.1666666666667,0.49,0.51
7231,Bernkastel-Wittlich,Landkreis,1 167.92,112 262,56 124,56 138,16.1,7.1,22.4,31.9,22.5,4.4,22012,77,ländliche Region,"kleinstädtischer, dörflicher Raum",43.7692307692308,0.53,0.47
7232,Eifelkreis Bitburg-Prüm,NA,1 626.95,98 561,49 576,48 985,16.9,7.6,23.4,31.7,20.5,6.1,22304,77,ländliche Region,"kleinstädtischer, dörflicher Raum",43.7692307692308,0.53,0.47
7233,Vulkaneifel,Landkreis,911.64,60 603,30 427,30 176,15.4,7.4,21,32.4,23.9,3.8,21665,77,ländliche Region,"kleinstädtischer, dörflicher Raum",43.7692307692308,0.53,0.47
7235,Trier-Saarburg,Landkreis,1 102.26,148 945,73 673,75 272,17,7.1,23.4,32.3,20.3,2.3,22990,77,ländliche Region,"kleinstädtischer, dörflicher Raum",43.7692307692308,0.53,0.47
7311,Frankenthal (Pfalz),Kreisfreie Stadt,43.88,48 561,23 489,25 072,16.9,7.5,24.3,28.5,22.9,6.5,22288,75,ländliche Region,zentrale Stadt,34.8,0.48,0.52
7312,Kaiserslautern,Kreisfreie Stadt,139.7,99 845,50 353,49 492,14.6,11.2,27,27.1,20.2,11.7,19105,72,Stadtregion,Regiopole und Großstadt,36.1666666666667,0.49,0.51
7313,Landau in der Pfalz,Kreisfreie Stadt,82.94,46 677,22 078,24 599,15.1,12.2,25.3,28.3,19,18.3,21531,74,Stadtregion,"kleinstädtischer, dörflicher Raum",44.4,0.51,0.48
7314,Ludwigshafen am Rhein,Kreisfreie Stadt,77.43,171 061,85 820,85 241,18.1,8.4,26.8,27.6,19.1,12.2,19589,73,Stadtregion,"Mittelstadt, städtischer Raum",39.0476190476191,0.52,0.49
7315,Mainz,Kreisfreie Stadt,97.73,217 118,105 599,111 519,14.8,11,32.1,24.7,17.5,10.4,21899,73,Stadtregion,"Mittelstadt, städtischer Raum",39.0476190476191,0.52,0.49
7316,Neustadt an der Weinstraße,Kreisfreie Stadt,117.09,53 148,25 955,27 193,15.8,6.9,22.2,31,24,6.8,26591,75,ländliche Region,zentrale Stadt,34.8,0.48,0.52
7317,Pirmasens,Kreisfreie Stadt,61.36,40 403,19 780,20 623,15.2,7.9,21.3,30.4,25.2,11.1,19665,74,Stadtregion,"kleinstädtischer, dörflicher Raum",44.4,0.51,0.48
7318,Speyer,Kreisfreie Stadt,42.71,50 378,24 363,26 015,16.1,7.5,23.7,30.6,22.1,12.8,24063,75,ländliche Region,zentrale Stadt,34.8,0.48,0.52
7319,Worms,Kreisfreie Stadt,108.73,83 330,41 080,42 250,17.2,8.6,25,28.8,20.3,8.4,20593,74,Stadtregion,"kleinstädtischer, dörflicher Raum",44.4,0.51,0.48
7320,Zweibrücken,Kreisfreie Stadt,70.64,34 209,16 954,17 255,15.5,7.9,24.3,29.4,23,0,20135,75,ländliche Region,zentrale Stadt,34.8,0.48,0.52
7331,Alzey-Worms,Landkreis,588.07,129 244,64 389,64 855,17.1,7.4,23.1,32.7,19.6,4.6,22895,77,ländliche Region,"kleinstädtischer, dörflicher Raum",43.7692307692308,0.53,0.47
7332,Bad Dürkheim,Landkreis,594.64,132 660,64 838,67 822,15.5,6.7,20.6,33.4,23.9,3.8,26194,77,ländliche Region,"kleinstädtischer, dörflicher Raum",43.7692307692308,0.53,0.47
7333,Donnersbergkreis,NA,645.41,75 101,37 194,37 907,16.6,7.1,21.8,33.1,21.3,2.7,21671,77,ländliche Region,"kleinstädtischer, dörflicher Raum",43.7692307692308,0.53,0.47
7334,Germersheim,Landkreis,463.32,129 075,64 379,64 696,16.8,7.9,24.3,31.5,19.5,2.5,22724,76,ländliche Region,"Mittelstadt, städtischer Raum",36.4166666666667,0.51,0.49
7335,Kaiserslautern,Landkreis,640,106 057,52 135,53 922,17,7.3,22.2,32,21.4,5,21239,77,ländliche Region,"kleinstädtischer, dörflicher Raum",43.7692307692308,0.53,0.47
7336,Kusel,Landkreis,573.61,70 526,35 052,35 474,15.1,7.1,21.1,33.1,23.5,0,20734,77,ländliche Region,"kleinstädtischer, dörflicher Raum",43.7692307692308,0.53,0.47
7337,Südliche Weinstraße,Landkreis,639.93,110 356,54 441,55 915,15.8,7,21.5,33,22.7,6.4,24052,77,ländliche Region,"kleinstädtischer, dörflicher Raum",43.7692307692308,0.53,0.47
7338,Rhein-Pfalz-Kreis,NA,304.99,154 201,76 030,78 171,16.5,6.7,22.5,31.8,22.5,0,25978,76,ländliche Region,"Mittelstadt, städtischer Raum",36.4166666666667,0.51,0.49
7339,Mainz-Bingen,Landkreis,605.36,210 889,104 015,106 874,17.3,7.3,22.6,32.4,20.4,1.6,26534,76,ländliche Region,"Mittelstadt, städtischer Raum",36.4166666666667,0.51,0.49
7340,Südwestpfalz,Landkreis,953.52,95 113,46 916,48 197,14.2,6.8,20.4,33.9,24.7,2.2,23064,77,ländliche Region,"kleinstädtischer, dörflicher Raum",43.7692307692308,0.53,0.47
8111,Stuttgart,Landeshauptstadt,207.33,634 830,317 139,317 691,15.4,8.6,32.9,25.2,17.9,7.9,25559,71,Stadtregion,Metropole,39.8571428571429,0.48,0.52
8115,Böblingen,Landkreis,617.76,391 640,194 989,196 651,17.9,7.6,25.8,28.9,19.8,2.8,25284,76,ländliche Region,"Mittelstadt, städtischer Raum",36.4166666666667,0.51,0.49
8116,Esslingen,Landkreis,641.28,533 859,266 783,267 076,16.9,8.1,25.4,29.2,20.4,3.6,25449,76,ländliche Region,"Mittelstadt, städtischer Raum",36.4166666666667,0.51,0.49
8117,Göppingen,Landkreis,642.34,257 253,128 093,129 160,16.9,8,23.8,29.9,21.4,4.9,24167,76,ländliche Region,"Mittelstadt, städtischer Raum",36.4166666666667,0.51,0.49
8118,Ludwigsburg,Landkreis,686.77,543 984,269 961,274 023,17.6,7.6,26,29.1,19.7,3.2,25873,76,ländliche Region,"Mittelstadt, städtischer Raum",36.4166666666667,0.51,0.49
8119,Rems-Murr-Kreis,Landkreis,858.08,426 158,210 861,215 297,17.1,7.9,23.9,30.2,20.9,3.1,25200,76,ländliche Region,"Mittelstadt, städtischer Raum",36.4166666666667,0.51,0.49
8121,Heilbronn,Stadtkreis,99.89,125 960,63 527,62 433,17.3,8.8,27.9,26.5,19.5,8.2,31953,72,Stadtregion,Regiopole und Großstadt,36.1666666666667,0.49,0.51
8125,Heilbronn,Landkreis,1 099.91,343 068,172 382,170 686,17.5,7.9,25.1,30.4,19.1,3.6,24555,76,ländliche Region,"Mittelstadt, städtischer Raum",36.4166666666667,0.51,0.49
8126,Hohenlohekreis,Landkreis,776.76,112 010,56 550,55 460,17.5,8.2,24.6,30.6,19.2,2.5,24238,76,ländliche Region,"Mittelstadt, städtischer Raum",36.4166666666667,0.51,0.49
8127,Schwäbisch Hall,Landkreis,1 484.07,195 861,98 314,97 547,17.8,8,24.8,30.3,19,3.8,23644,76,ländliche Region,"Mittelstadt, städtischer Raum",36.4166666666667,0.51,0.49
8128,Main-Tauber-Kreis,Landkreis,1 304.12,132 321,65 923,66 398,16.3,7.7,22.9,30.9,22.2,7.8,23055,76,ländliche Region,"Mittelstadt, städtischer Raum",36.4166666666667,0.51,0.49
8135,Heidenheim,Landkreis,627.13,132 472,66 092,66 380,17.2,7.9,23.7,29.5,21.8,4.1,22488,76,ländliche Region,"Mittelstadt, städtischer Raum",36.4166666666667,0.51,0.49
8136,Ostalbkreis,Landkreis,1 511.39,314 002,156 480,157 522,17.3,8.5,23.9,29.9,20.4,3.4,24387,76,ländliche Region,"Mittelstadt, städtischer Raum",36.4166666666667,0.51,0.49
8211,Baden-Baden,Stadtkreis,140.19,55 123,26 442,28 681,14.3,7.1,22.3,30.2,26.2,14.6,31018,74,Stadtregion,"kleinstädtischer, dörflicher Raum",44.4,0.51,0.48
8212,Karlsruhe,Stadtkreis,173.42,313 092,160 429,152 663,14.3,11.2,30.3,25.8,18.3,8.6,22687,72,Stadtregion,Regiopole und Großstadt,36.1666666666667,0.49,0.51
8215,Karlsruhe,Landkreis,1 085.29,444 232,221 339,222 893,16.6,7.6,23.9,30.9,20.9,2.1,23926,76,ländliche Region,"Mittelstadt, städtischer Raum",36.4166666666667,0.51,0.49
8216,Rastatt,Landkreis,738.43,231 018,114 797,116 221,16.4,7.4,23.4,31.4,21.3,1.9,23235,76,ländliche Region,"Mittelstadt, städtischer Raum",36.4166666666667,0.51,0.49
8221,Heidelberg,Stadtkreis,108.83,160 355,77 112,83 243,14,13.4,33.4,23.1,16.2,18.8,23515,73,Stadtregion,"Mittelstadt, städtischer Raum",39.0476190476191,0.52,0.49
8222,Mannheim,Stadtkreis,144.97,309 370,154 273,155 097,15.4,10.1,29.5,26.6,18.5,7.7,20937,71,Stadtregion,Metropole,39.8571428571429,0.48,0.52
8225,Neckar-Odenwald-Kreis,Landkreis,1 125.95,143 535,72 057,71 478,16.4,7.9,22.6,31.7,21.3,3.5,22316,77,ländliche Region,"kleinstädtischer, dörflicher Raum",43.7692307692308,0.53,0.47
8226,Rhein-Neckar-Kreis,Landkreis,1 061.55,547 625,269 317,278 308,16.9,7.5,23.8,30.6,21.3,2.8,25201,76,ländliche Region,"Mittelstadt, städtischer Raum",36.4166666666667,0.51,0.49
8231,Pforzheim,Stadtkreis,97.99,125 542,61 699,63 843,17.6,8.7,26.6,26.9,20.3,9.7,22887,72,Stadtregion,Regiopole und Großstadt,36.1666666666667,0.49,0.51
8235,Calw,Landkreis,797.29,158 397,79 514,78 883,17.3,8,23.2,30.9,20.5,7.9,23767,76,ländliche Region,"Mittelstadt, städtischer Raum",36.4166666666667,0.51,0.49
8236,Enzkreis,Landkreis,573.6,198 905,98 744,100 161,17.2,7.7,22.9,31.2,20.9,1.6,25496,76,ländliche Region,"Mittelstadt, städtischer Raum",36.4166666666667,0.51,0.49
8237,Freudenstadt,Landkreis,870.4,117 935,58 898,59 037,17.3,8.1,23.2,31,20.4,4.1,24607,76,ländliche Region,"Mittelstadt, städtischer Raum",36.4166666666667,0.51,0.49
8311,Freiburg im Breisgau,Stadtkreis,153.04,230 241,109 829,120 412,15.9,11.9,31.5,24.4,16.3,9.8,22016,72,Stadtregion,Regiopole und Großstadt,36.1666666666667,0.49,0.51
8315,Breisgau-Hochschwarzwald,Landkreis,1 378.32,262 795,129 641,133 154,17.4,7.9,22.9,30.4,21.5,5.1,24778,76,ländliche Region,"Mittelstadt, städtischer Raum",36.4166666666667,0.51,0.49
8316,Emmendingen,Landkreis,679.8,165 383,81 772,83 611,17.3,7.7,23.1,31.2,20.6,6.2,23285,76,ländliche Region,"Mittelstadt, städtischer Raum",36.4166666666667,0.51,0.49
8317,Ortenaukreis,Landkreis,1 860.29,429 479,214 221,215 258,17.3,7.8,23.5,30.7,20.6,5.3,23467,76,ländliche Region,"Mittelstadt, städtischer Raum",36.4166666666667,0.51,0.49
8325,Rottweil,Landkreis,769.42,139 455,69 767,69 688,17.6,7.9,23.1,30.5,20.9,6,25198,76,ländliche Region,"Mittelstadt, städtischer Raum",36.4166666666667,0.51,0.49
8326,Schwarzwald-Baar-Kreis,Landkreis,1 025.34,212 381,105 542,106 839,16.6,8.1,23.9,29.3,22.1,6.1,24677,75,ländliche Region,zentrale Stadt,34.8,0.48,0.52
8327,Tuttlingen,Landkreis,734.38,140 152,70 452,69 700,18.6,8.1,25,28.8,19.4,2.6,25423,76,ländliche Region,"Mittelstadt, städtischer Raum",36.4166666666667,0.51,0.49
8335,Konstanz,Landkreis,817.98,285 325,139 046,146 279,16.4,9.9,24.1,28.9,20.7,5.8,24862,76,ländliche Region,"Mittelstadt, städtischer Raum",36.4166666666667,0.51,0.49
8336,Lörrach,Landkreis,806.72,228 639,111 981,116 658,17.5,7.6,24,30.7,20.1,3.7,26870,76,ländliche Region,"Mittelstadt, städtischer Raum",36.4166666666667,0.51,0.49
8337,Waldshut,Landkreis,1 131.14,170 619,84 587,86 032,17.9,7.7,23.4,30.1,20.9,4.2,25304,77,ländliche Region,"kleinstädtischer, dörflicher Raum",43.7692307692308,0.53,0.47
8415,Reutlingen,Landkreis,1 092.48,286 748,142 232,144 516,17.2,8.2,24.3,29.9,20.3,4.4,24603,76,ländliche Region,"Mittelstadt, städtischer Raum",36.4166666666667,0.51,0.49
8416,Tübingen,Landkreis,519.11,227 331,110 795,116 536,16.9,11.4,27,27.7,17,8.6,23472,76,ländliche Region,"Mittelstadt, städtischer Raum",36.4166666666667,0.51,0.49
8417,Zollernalbkreis,Landkreis,917.58,188 935,93 808,95 127,16.4,7.8,23,30.9,21.9,2.9,25523,76,ländliche Region,"Mittelstadt, städtischer Raum",36.4166666666667,0.51,0.49
8421,Ulm,Stadtkreis,118.68,126 329,62 660,63 669,16.2,10.4,29.7,25.3,18.4,12.2,26204,72,Stadtregion,Regiopole und Großstadt,36.1666666666667,0.49,0.51
8425,Alb-Donau-Kreis,Landkreis,1 358.55,196 047,99 041,97 006,18.2,8.3,24.2,30.1,19.1,2.2,23761,77,ländliche Region,"kleinstädtischer, dörflicher Raum",43.7692307692308,0.53,0.47
8426,Biberach,Landkreis,1 409.52,199 742,100 634,99 108,18.6,8.2,25.1,29.8,18.4,4,24332,77,ländliche Region,"kleinstädtischer, dörflicher Raum",43.7692307692308,0.53,0.47
8435,Bodenseekreis,Landkreis,664.8,216 227,106 544,109 683,16.8,7.8,23.3,29.7,22.4,3.5,26548,76,ländliche Region,"Mittelstadt, städtischer Raum",36.4166666666667,0.51,0.49
8436,Ravensburg,Landkreis,1 632.08,284 285,141 777,142 508,17.7,8.7,24.5,29.5,19.5,6.1,23680,76,ländliche Region,"Mittelstadt, städtischer Raum",36.4166666666667,0.51,0.49
8437,Sigmaringen,Landkreis,1 204.23,130 873,65 649,65 224,17.4,8.7,23.1,30.8,20.1,5.1,22818,77,ländliche Region,"kleinstädtischer, dörflicher Raum",43.7692307692308,0.53,0.47
9161,Ingolstadt,NA,133.35,136 981,69 252,67 729,16.6,8.1,30.4,26.5,18.5,9.6,24072,72,Stadtregion,Regiopole und Großstadt,36.1666666666667,0.49,0.51
9162,München,Landeshauptstadt,310.7,1 471 508,717 308,754 200,15.7,8,33.3,25.2,17.8,7.7,28945,71,Stadtregion,Metropole,39.8571428571429,0.48,0.52
9163,Rosenheim,NA,37.22,63 324,31 321,32 003,16.4,8.7,28.2,26.7,20.1,12.1,23425,74,Stadtregion,"kleinstädtischer, dörflicher Raum",44.4,0.51,0.48
9171,Altötting,Landkreis,569.28,111 210,54 942,56 268,16.8,7.8,23.3,30.4,21.7,5.3,23409,77,ländliche Region,"kleinstädtischer, dörflicher Raum",43.7692307692308,0.53,0.47
9172,Berchtesgadener Land,Landkreis,839.82,105 722,52 007,53 715,15.4,7.9,24.5,28.6,23.6,6.4,22779,76,ländliche Region,"Mittelstadt, städtischer Raum",36.4166666666667,0.51,0.49
9173,Bad Tölz-Wolfratshausen,Landkreis,1 110.66,127 227,62 731,64 496,17.3,7.8,23.5,30.1,21.2,5.1,26988,77,ländliche Region,"kleinstädtischer, dörflicher Raum",43.7692307692308,0.53,0.47
9174,Dachau,Landkreis,579.16,153 884,77 120,76 764,17.6,8,26.4,29.7,18.3,3,25372,77,ländliche Region,"kleinstädtischer, dörflicher Raum",43.7692307692308,0.53,0.47
9175,Ebersberg,Landkreis,549.39,142 142,70 972,71 170,18.7,7.8,24.9,29.9,18.7,2.3,27626,77,ländliche Region,"kleinstädtischer, dörflicher Raum",43.7692307692308,0.53,0.47
9176,Eichstätt,Landkreis,1 213.85,132 341,67 325,65 016,18.6,8.6,26.1,29.3,17.4,3.5,24531,77,ländliche Region,"kleinstädtischer, dörflicher Raum",43.7692307692308,0.53,0.47
9177,Erding,Landkreis,870.74,137 660,69 367,68 293,18.1,8.2,25.8,31.1,16.7,3.1,24958,77,ländliche Region,"kleinstädtischer, dörflicher Raum",43.7692307692308,0.53,0.47
9178,Freising,Landkreis,799.85,179 116,91 393,87 723,17.6,9.2,28.4,29.2,15.7,2,23977,77,ländliche Region,"kleinstädtischer, dörflicher Raum",43.7692307692308,0.53,0.47
9179,Fürstenfeldbruck,Landkreis,434.8,219 320,107 686,111 634,17.6,7.5,24.4,29,21.5,1.7,26482,77,ländliche Region,"kleinstädtischer, dörflicher Raum",43.7692307692308,0.53,0.47
9180,Garmisch-Partenkirchen,Landkreis,1 012.17,88 467,42 969,45 498,15.3,7.7,22.2,29.8,25,15.8,26116,77,ländliche Region,"kleinstädtischer, dörflicher Raum",43.7692307692308,0.53,0.47
9181,Landsberg am Lech,Landkreis,804.36,120 071,60 077,59 994,17.7,8.1,23,31.4,19.7,4,25997,77,ländliche Region,"kleinstädtischer, dörflicher Raum",43.7692307692308,0.53,0.47
9182,Miesbach,Landkreis,866.22,99 726,48 870,50 856,16.5,7.4,23.1,30.4,22.6,4.6,29853,77,ländliche Region,"kleinstädtischer, dörflicher Raum",43.7692307692308,0.53,0.47
9183,Mühldorf a.Inn,Landkreis,805.33,115 250,58 360,56 890,17,8.3,24.5,30.4,19.8,3.1,23918,77,ländliche Region,"kleinstädtischer, dörflicher Raum",43.7692307692308,0.53,0.47
9184,München,Landkreis,664.25,348 871,173 601,175 270,18.2,7.9,25,28.5,20.5,3.9,31338,76,ländliche Region,"Mittelstadt, städtischer Raum",36.4166666666667,0.51,0.49
9185,Neuburg-Schrobenhausen,Landkreis,739.71,96 680,48 679,48 001,17.7,8,25.2,30.1,18.8,4.7,23826,77,ländliche Region,"kleinstädtischer, dörflicher Raum",43.7692307692308,0.53,0.47
9186,Pfaffenhofen a.d.Ilm,Landkreis,761.05,127 151,64 639,62 512,17.4,7.9,26.4,30.4,17.9,2.6,26363,76,ländliche Region,"Mittelstadt, städtischer Raum",36.4166666666667,0.51,0.49
9187,Rosenheim,Landkreis,1 439.44,260 983,129 253,131 730,17.1,7.8,23.4,30.6,21.1,10.3,26006,77,ländliche Region,"kleinstädtischer, dörflicher Raum",43.7692307692308,0.53,0.47
9188,Starnberg,Landkreis,487.72,136 092,66 020,70 072,18.1,7.3,21.5,30.3,22.8,8.9,39026,76,ländliche Region,"Mittelstadt, städtischer Raum",36.4166666666667,0.51,0.49
9189,Traunstein,Landkreis,1 533.76,177 089,87 564,89 525,16.2,7.9,23.2,30,22.6,5.3,24860,77,ländliche Region,"kleinstädtischer, dörflicher Raum",43.7692307692308,0.53,0.47
9190,Weilheim-Schongau,Landkreis,966.28,135 348,67 321,68 027,17.3,7.8,22.8,30.6,21.4,3.2,25330,77,ländliche Region,"kleinstädtischer, dörflicher Raum",43.7692307692308,0.53,0.47
9261,Landshut,NA,65.83,72 404,35 403,37 001,15.4,8.4,28.1,27.5,20.6,18,25048,74,Stadtregion,"kleinstädtischer, dörflicher Raum",44.4,0.51,0.48
9262,Passau,NA,69.56,52 469,25 344,27 125,12.8,12.6,27.7,25.4,21.5,14.1,21539,74,Stadtregion,"kleinstädtischer, dörflicher Raum",44.4,0.51,0.48
9263,Straubing,NA,67.59,47 794,24 117,23 677,14.4,8,27,29.4,21.2,9.5,22363,74,Stadtregion,"kleinstädtischer, dörflicher Raum",44.4,0.51,0.48
9271,Deggendorf,Landkreis,861.17,119 326,59 547,59 779,16.1,8.5,24.4,31,20,11.1,22645,77,ländliche Region,"kleinstädtischer, dörflicher Raum",43.7692307692308,0.53,0.47
9272,Freyung-Grafenau,Landkreis,983.85,78 355,39 103,39 252,15.3,8,22.6,32.9,21.3,5.2,21251,77,ländliche Region,"kleinstädtischer, dörflicher Raum",43.7692307692308,0.53,0.47
9273,Kelheim,Landkreis,1 065.13,122 258,62 137,60 121,17.6,8.4,25.4,30.3,18.3,3.3,23532,77,ländliche Region,"kleinstädtischer, dörflicher Raum",43.7692307692308,0.53,0.47
9274,Landshut,Landkreis,1 347.56,158 698,80 519,78 179,17.7,8,24.7,31.2,18.4,1.2,24192,77,ländliche Region,"kleinstädtischer, dörflicher Raum",43.7692307692308,0.53,0.47
9275,Passau,Landkreis,1 530.09,192 043,95 471,96 572,15.9,7.8,23.1,31.6,21.7,3.5,22319,77,ländliche Region,"kleinstädtischer, dörflicher Raum",43.7692307692308,0.53,0.47
9276,Regen,Landkreis,974.78,77 656,38 745,38 911,15.6,7.7,23.1,31.7,22,4.1,21380,77,ländliche Region,"kleinstädtischer, dörflicher Raum",43.7692307692308,0.53,0.47
9277,Rottal-Inn,Landkreis,1 281.20,120 659,60 346,60 313,16.3,8.3,23.5,30.8,21.1,5.3,23422,77,ländliche Region,"kleinstädtischer, dörflicher Raum",43.7692307692308,0.53,0.47
9278,Straubing-Bogen,Landkreis,1 201.61,100 649,50 627,50 022,17.2,7.8,23.9,31.8,19.3,3.9,23635,77,ländliche Region,"kleinstädtischer, dörflicher Raum",43.7692307692308,0.53,0.47
9279,Dingolfing-Landau,Landkreis,877.58,96 217,49 450,46 767,16.4,8.1,25.8,30.9,18.8,1.3,24674,77,ländliche Region,"kleinstädtischer, dörflicher Raum",43.7692307692308,0.53,0.47
9361,Amberg,NA,50.13,41 970,20 673,21 297,15.1,7.7,24.4,29.5,23.3,13.4,22994,74,Stadtregion,"kleinstädtischer, dörflicher Raum",44.4,0.51,0.48
9362,Regensburg,NA,80.86,152 610,74 225,78 385,14.4,10.3,33.3,24.8,17.2,18.6,22942,72,Stadtregion,Regiopole und Großstadt,36.1666666666667,0.49,0.51
9363,Weiden i.d.OPf.,NA,70.57,42 520,20 542,21 978,14.8,8.3,24.3,29.5,23.1,16.6,21968,74,Stadtregion,"kleinstädtischer, dörflicher Raum",44.4,0.51,0.48
9371,Amberg-Sulzbach,Landkreis,1 255.86,103 109,51 665,51 444,15.8,8,22.6,32.8,20.8,1.9,22839,77,ländliche Region,"kleinstädtischer, dörflicher Raum",43.7692307692308,0.53,0.47
9372,Cham,Landkreis,1 526.82,127 882,64 248,63 634,15.9,7.9,23.6,31.7,20.8,5.4,22364,77,ländliche Region,"kleinstädtischer, dörflicher Raum",43.7692307692308,0.53,0.47
9373,Neumarkt i.d.OPf.,Landkreis,1 343.96,133 561,67 499,66 062,17,8.4,24.4,31.4,18.8,4,24100,77,ländliche Region,"kleinstädtischer, dörflicher Raum",43.7692307692308,0.53,0.47
9374,Neustadt a.d.Waldnaab,Landkreis,1 427.69,94 352,46 943,47 409,15.9,8,23,32.3,20.7,2,22820,77,ländliche Region,"kleinstädtischer, dörflicher Raum",43.7692307692308,0.53,0.47
9375,Regensburg,Landkreis,1 391.65,193 572,97 081,96 491,17.2,7.8,24.2,31.7,19,1.3,23903,77,ländliche Region,"kleinstädtischer, dörflicher Raum",43.7692307692308,0.53,0.47
9376,Schwandorf,Landkreis,1 458.34,147 189,73 964,73 225,16,8.1,24.3,31.3,20.3,3.7,22172,77,ländliche Region,"kleinstädtischer, dörflicher Raum",43.7692307692308,0.53,0.47
9377,Tirschenreuth,Landkreis,1 084.25,72 504,36 121,36 383,15.2,7.8,22.2,32.3,22.5,4,22355,77,ländliche Region,"kleinstädtischer, dörflicher Raum",43.7692307692308,0.53,0.47
9461,Bamberg,NA,54.62,77 592,37 464,40 128,14.5,10.2,30.2,25.9,19.2,13.2,21878,74,Stadtregion,"kleinstädtischer, dörflicher Raum",44.4,0.51,0.48
9462,Bayreuth,NA,66.89,74 657,36 469,38 188,12.8,13.8,26.3,25.7,21.5,18.6,21437,74,Stadtregion,"kleinstädtischer, dörflicher Raum",44.4,0.51,0.48
9463,Coburg,NA,48.29,41 249,20 162,21 087,14.1,8.4,24.9,29.1,23.5,12.4,25464,74,Stadtregion,"kleinstädtischer, dörflicher Raum",44.4,0.51,0.48
9464,Hof,NA,58.02,45 930,22 098,23 832,15.7,8.2,23.3,28.8,23.9,10,20573,74,Stadtregion,"kleinstädtischer, dörflicher Raum",44.4,0.51,0.48
9471,Bamberg,Landkreis,1 167.79,147 086,73 725,73 361,17,7.6,24.3,32.4,18.7,2.1,22630,77,ländliche Region,"kleinstädtischer, dörflicher Raum",43.7692307692308,0.53,0.47
9472,Bayreuth,Landkreis,1 273.62,103 656,51 310,52 346,16,7.1,22,32.7,22.1,1.1,22594,77,ländliche Region,"kleinstädtischer, dörflicher Raum",43.7692307692308,0.53,0.47
9473,Coburg,Landkreis,590.42,86 906,42 912,43 994,15.6,7,22.1,32.4,22.9,1.1,26839,77,ländliche Region,"kleinstädtischer, dörflicher Raum",43.7692307692308,0.53,0.47
9474,Forchheim,Landkreis,642.82,116 099,57 703,58 396,16.9,7.6,23.4,32.2,20,2.7,24301,76,ländliche Region,"Mittelstadt, städtischer Raum",36.4166666666667,0.51,0.49
9475,Hof,Landkreis,892.52,95 311,46 646,48 665,14.6,6.9,20.3,32.7,25.6,6.4,22324,77,ländliche Region,"kleinstädtischer, dörflicher Raum",43.7692307692308,0.53,0.47
9476,Kronach,Landkreis,651.49,67 135,33 184,33 951,14.2,6.8,21.4,33.8,23.9,4.2,23410,77,ländliche Region,"kleinstädtischer, dörflicher Raum",43.7692307692308,0.53,0.47
9477,Kulmbach,Landkreis,658.33,71 845,35 345,36 500,14.6,7.2,21.4,33,23.8,8,23884,77,ländliche Region,"kleinstädtischer, dörflicher Raum",43.7692307692308,0.53,0.47
9478,Lichtenfels,Landkreis,519.94,66 838,33 027,33 811,15.4,7.5,22.5,32.4,22.2,11.5,22334,76,ländliche Region,"Mittelstadt, städtischer Raum",36.4166666666667,0.51,0.49
9479,Wunsiedel i.Fichtelgebirge,Landkreis,606.37,73 178,35 718,37 460,14.5,7,20.2,32.1,26.2,5.6,22616,77,ländliche Region,"kleinstädtischer, dörflicher Raum",43.7692307692308,0.53,0.47
9561,Ansbach,NA,99.91,41 847,20 048,21 799,16.3,8.5,25,28.9,21.4,29.4,21757,74,Stadtregion,"kleinstädtischer, dörflicher Raum",44.4,0.51,0.48
9562,Erlangen,NA,76.96,111 962,55 864,56 098,15.8,10.6,30.5,25.3,17.9,19.8,24832,73,Stadtregion,"Mittelstadt, städtischer Raum",39.0476190476191,0.52,0.49
9563,Fürth,NA,63.35,127 748,62 603,65 145,16.2,8,28.2,29.3,18.3,6.7,24420,73,Stadtregion,"Mittelstadt, städtischer Raum",39.0476190476191,0.52,0.49
9564,Nürnberg,NA,186.45,518 365,252 807,265 558,15.8,8.4,29,26.7,20.2,6.9,22663,71,Stadtregion,Metropole,39.8571428571429,0.48,0.52
9565,Schwabach,NA,40.8,40 792,19 895,20 897,16.9,7.5,23.6,30.3,21.8,4.2,26366,75,ländliche Region,zentrale Stadt,34.8,0.48,0.52
9571,Ansbach,Landkreis,1 971.33,183 949,92 450,91 499,17.1,8.2,23.8,31.2,19.8,0.8,23514,77,ländliche Region,"kleinstädtischer, dörflicher Raum",43.7692307692308,0.53,0.47
9572,Erlangen-Höchstadt,Landkreis,564.56,136 271,67 763,68 508,17.6,7.2,23.7,31.3,20.2,1,26217,76,ländliche Region,"Mittelstadt, städtischer Raum",36.4166666666667,0.51,0.49
9573,Fürth,Landkreis,307.44,117 387,57 064,60 323,16.3,6.8,22.6,31.5,22.8,0,25923,76,ländliche Region,"Mittelstadt, städtischer Raum",36.4166666666667,0.51,0.49
9574,Nürnberger Land,Landkreis,799.51,170 365,83 946,86 419,16.3,7.2,22.8,31.5,22.2,5.7,25753,77,ländliche Region,"kleinstädtischer, dörflicher Raum",43.7692307692308,0.53,0.47
9575,Neustadt a.d.Aisch-Bad Windsheim,Landkreis,1 267.44,100 364,50 331,50 033,16.7,7.9,23.1,31.7,20.6,4.8,23455,77,ländliche Region,"kleinstädtischer, dörflicher Raum",43.7692307692308,0.53,0.47
9576,Roth,Landkreis,895.16,126 958,63 206,63 752,16.7,7.9,23,31.9,20.6,2.1,24647,77,ländliche Region,"kleinstädtischer, dörflicher Raum",43.7692307692308,0.53,0.47
9577,Weißenburg-Gunzenhausen,Landkreis,970.78,94 393,47 093,47 300,16.7,7.7,23,30.9,21.6,4.5,23092,77,ländliche Region,"kleinstädtischer, dörflicher Raum",43.7692307692308,0.53,0.47
9661,Aschaffenburg,NA,62.45,70 527,34 316,36 211,16,7.6,26.6,29.1,20.7,13.5,24925,74,Stadtregion,"kleinstädtischer, dörflicher Raum",44.4,0.51,0.48
9662,Schweinfurt,NA,35.7,54 032,26 553,27 479,15.9,8.4,24.9,26.9,23.8,17.6,20983,74,Stadtregion,"kleinstädtischer, dörflicher Raum",44.4,0.51,0.48
9663,Würzburg,NA,87.6,127 880,61 151,66 729,12.4,12.8,30.7,24,20,18.8,24441,72,Stadtregion,Regiopole und Großstadt,36.1666666666667,0.49,0.51
9671,Aschaffenburg,Landkreis,698.9,174 208,86 570,87 638,16.2,7.4,22.8,32.4,21.1,0.2,24601,76,ländliche Region,"Mittelstadt, städtischer Raum",36.4166666666667,0.51,0.49
9672,Bad Kissingen,Landkreis,1 136.90,103 218,50 865,52 353,15.4,7.2,21.4,31.9,24.1,7.9,23124,77,ländliche Region,"kleinstädtischer, dörflicher Raum",43.7692307692308,0.53,0.47
9673,Rhön-Grabfeld,Landkreis,1 021.68,79 690,39 677,40 013,16.5,7.6,22,32.2,21.7,13.8,23122,77,ländliche Region,"kleinstädtischer, dörflicher Raum",43.7692307692308,0.53,0.47
9674,Haßberge,Landkreis,956.19,84 599,42 468,42 131,16.5,7.6,22.9,32.5,20.4,2.8,22172,77,ländliche Region,"kleinstädtischer, dörflicher Raum",43.7692307692308,0.53,0.47
9675,Kitzingen,Landkreis,684.14,90 909,45 791,45 118,16.4,7.9,24,31.3,20.4,2.7,23695,77,ländliche Region,"kleinstädtischer, dörflicher Raum",43.7692307692308,0.53,0.47
9676,Miltenberg,Landkreis,715.58,128 756,64 190,64 566,16.5,7.8,22.8,31.8,21,2.2,23331,76,ländliche Region,"Mittelstadt, städtischer Raum",36.4166666666667,0.51,0.49
9677,Main-Spessart,Landkreis,1 321.20,126 365,62 953,63 412,15.5,7.4,22,32.6,22.5,5.3,23477,77,ländliche Region,"kleinstädtischer, dörflicher Raum",43.7692307692308,0.53,0.47
9678,Schweinfurt,Landkreis,841.39,115 106,57 768,57 338,16.3,7.6,22.9,31.8,21.4,5.1,22971,77,ländliche Region,"kleinstädtischer, dörflicher Raum",43.7692307692308,0.53,0.47
9679,Würzburg,Landkreis,968.35,161 834,80 594,81 240,16.6,7.6,23.5,31.3,20.9,0.9,24608,77,ländliche Region,"kleinstädtischer, dörflicher Raum",43.7692307692308,0.53,0.47
9761,Augsburg,NA,146.85,295 135,145 158,149 977,15.2,9.3,30,25.9,19.5,10,20008,72,Stadtregion,Regiopole und Großstadt,36.1666666666667,0.49,0.51
9762,Kaufbeuren,NA,40.02,43 893,21 610,22 283,16.4,7.8,24.1,28.8,22.9,14.1,22837,74,Stadtregion,"kleinstädtischer, dörflicher Raum",44.4,0.51,0.48
9763,Kempten (Allgäu),NA,63.28,68 907,34 141,34 766,15.5,9.2,26.5,26.5,22.2,8.8,22087,74,Stadtregion,"kleinstädtischer, dörflicher Raum",44.4,0.51,0.48
9764,Memmingen,NA,70.11,43 837,21 710,22 127,16.7,7.7,25.4,28.6,21.6,12.5,28711,74,Stadtregion,"kleinstädtischer, dörflicher Raum",44.4,0.51,0.48
9771,Aichach-Friedberg,Landkreis,780.23,133 596,66 651,66 945,17.9,7.8,23.8,31,19.6,2.1,25516,77,ländliche Region,"kleinstädtischer, dörflicher Raum",43.7692307692308,0.53,0.47
9772,Augsburg,Landkreis,1 070.64,251 534,124 807,126 727,17.5,7.7,23.6,30.8,20.3,1.2,25216,77,ländliche Region,"kleinstädtischer, dörflicher Raum",43.7692307692308,0.53,0.47
9773,Dillingen a.d.Donau,Landkreis,792.23,96 021,48 135,47 886,17.1,8.2,23.8,31,19.9,3.3,24652,77,ländliche Region,"kleinstädtischer, dörflicher Raum",43.7692307692308,0.53,0.47
9774,Günzburg,Landkreis,762.4,125 747,63 576,62 171,17.1,8.2,24.6,30.8,19.2,8.4,24101,77,ländliche Region,"kleinstädtischer, dörflicher Raum",43.7692307692308,0.53,0.47
9775,Neu-Ulm,Landkreis,515.84,174 200,86 470,87 730,17,8.1,25.4,29.3,20.1,2.4,24306,76,ländliche Region,"Mittelstadt, städtischer Raum",36.4166666666667,0.51,0.49
9776,Lindau (Bodensee),Landkreis,323.39,81 669,40 285,41 384,16.6,7.4,23,30.5,22.5,7.5,26660,77,ländliche Region,"kleinstädtischer, dörflicher Raum",43.7692307692308,0.53,0.47
9777,Ostallgäu,Landkreis,1 394.43,140 316,69 968,70 348,17.6,7.9,23.4,30.2,21,3.8,24476,77,ländliche Region,"kleinstädtischer, dörflicher Raum",43.7692307692308,0.53,0.47
9778,Unterallgäu,Landkreis,1 229.57,144 041,72 608,71 433,17.2,8.2,23.5,30.1,21,3,26751,77,ländliche Region,"kleinstädtischer, dörflicher Raum",43.7692307692308,0.53,0.47
9779,Donau-Ries,Landkreis,1 274.58,133 496,67 821,65 675,17.3,8.2,24.7,30.3,19.6,4,25271,77,ländliche Region,"kleinstädtischer, dörflicher Raum",43.7692307692308,0.53,0.47
9780,Oberallgäu,Landkreis,1 527.96,155 362,76 577,78 785,16.3,7.6,22.9,30.7,22.5,3,24632,77,ländliche Region,"kleinstädtischer, dörflicher Raum",43.7692307692308,0.53,0.47
10041,Saarbrücken,Regionalverband,410.95,329 708,162 003,167 705,14.7,8.1,24.4,30,22.7,7.8,19609,76,ländliche Region,"Mittelstadt, städtischer Raum",36.4166666666667,0.51,0.49
10042,Merzig-Wadern,Landkreis,556.66,103 366,51 108,52 258,15.4,6.9,22.5,32.9,22.2,4.6,19194,76,ländliche Region,"Mittelstadt, städtischer Raum",36.4166666666667,0.51,0.49
10043,Neunkirchen,Landkreis,249.8,132 206,64 915,67 291,14.4,7,22.1,32.4,24.1,5.2,20126,76,ländliche Region,"Mittelstadt, städtischer Raum",36.4166666666667,0.51,0.49
10044,Saarlouis,Landkreis,459.35,195 201,95 550,99 651,14.8,7.1,22.3,32.2,23.6,5,21035,76,ländliche Region,"Mittelstadt, städtischer Raum",36.4166666666667,0.51,0.49
10045,Saarpfalz-Kreis,NA,418.28,142 631,69 385,73 246,14.4,7.3,21.5,32.1,24.6,10.4,22721,76,ländliche Region,"Mittelstadt, städtischer Raum",36.4166666666667,0.51,0.49
10046,St. Wendel,Landkreis,476.07,87 397,43 198,44 199,14.1,6.8,21.4,33.7,24,2.8,21426,76,ländliche Region,"Mittelstadt, städtischer Raum",36.4166666666667,0.51,0.49
11000,Berlin,NA,891.12,3 644 826,1 792 801,1 852 025,16.3,7.2,30.8,26.5,19.2,5.7,20330,NA,NA,NA,NA,NA,NA
12051,Brandenburg an der Havel,Kreisfreie Stadt,229.71,72 124,35 617,36 507,13.9,5.2,23.9,29.7,27.3,12.6,18224,74,Stadtregion,"kleinstädtischer, dörflicher Raum",44.4,0.51,0.48
12052,Cottbus,Kreisfreie Stadt,165.63,100 219,49 201,51 018,14.3,6.6,24.9,29.5,24.7,11.8,20236,72,Stadtregion,Regiopole und Großstadt,36.1666666666667,0.49,0.51
12053,Frankfurt (Oder),Kreisfreie Stadt,147.85,57 873,28 023,29 850,14.3,6.7,23,30.7,25.2,16.3,18021,74,Stadtregion,"kleinstädtischer, dörflicher Raum",44.4,0.51,0.48
12054,Potsdam,Kreisfreie Stadt,188.25,178 089,86 179,91 910,17.4,6.6,30.3,26.1,19.6,9.1,20226,73,Stadtregion,"Mittelstadt, städtischer Raum",39.0476190476191,0.52,0.49
12060,Barnim,Landkreis,1 479.61,182 760,90 615,92 145,15.9,4.6,22.4,33.7,23.3,6.5,20474,77,ländliche Region,"kleinstädtischer, dörflicher Raum",43.7692307692308,0.53,0.47
12061,Dahme-Spreewald,Landkreis,2 274.53,169 067,83 943,85 124,15.7,4.8,22.6,33.2,23.8,6.1,20889,77,ländliche Region,"kleinstädtischer, dörflicher Raum",43.7692307692308,0.53,0.47
12062,Elbe-Elster,Landkreis,1 899.16,102 638,50 832,51 806,13.9,3.9,20.2,34.7,27.4,4.5,18921,77,ländliche Region,"kleinstädtischer, dörflicher Raum",43.7692307692308,0.53,0.47
12063,Havelland,Landkreis,1 727.31,161 909,80 121,81 788,16.6,5.3,21.9,34,22.1,3,20292,77,ländliche Region,"kleinstädtischer, dörflicher Raum",43.7692307692308,0.53,0.47
12064,Märkisch-Oderland,Landkreis,2 158.65,194 328,96 483,97 845,15.5,4.2,22,34.9,23.5,3.5,20360,77,ländliche Region,"kleinstädtischer, dörflicher Raum",43.7692307692308,0.53,0.47
12065,Oberhavel,Landkreis,1 808.17,211 249,104 111,107 138,16.5,5.1,22,34,22.5,5.4,21296,77,ländliche Region,"kleinstädtischer, dörflicher Raum",43.7692307692308,0.53,0.47
12066,Oberspreewald-Lausitz,Landkreis,1 223.46,110 476,54 307,56 169,13.8,4,20.8,33.1,28.3,4.6,19507,77,ländliche Region,"kleinstädtischer, dörflicher Raum",43.7692307692308,0.53,0.47
12067,Oder-Spree,Landkreis,2 256.75,178 658,87 681,90 977,15,4.4,21,33.8,25.8,7.7,20266,77,ländliche Region,"kleinstädtischer, dörflicher Raum",43.7692307692308,0.53,0.47
12068,Ostprignitz-Ruppin,Landkreis,2 526.55,99 078,49 331,49 747,14.7,4.6,21.5,34.6,24.7,11.5,18888,77,ländliche Region,"kleinstädtischer, dörflicher Raum",43.7692307692308,0.53,0.47
12069,Potsdam-Mittelmark,Landkreis,2 592.06,214 664,106 258,108 406,17.2,4.8,21.4,34.7,21.9,3.3,22715,77,ländliche Region,"kleinstädtischer, dörflicher Raum",43.7692307692308,0.53,0.47
12070,Prignitz,Landkreis,2 138.58,76 508,37 977,38 531,13.7,4.5,19.9,34.6,27.4,4.7,19258,77,ländliche Region,"kleinstädtischer, dörflicher Raum",43.7692307692308,0.53,0.47
12071,Spree-Neiße,Landkreis,1 656.98,114 429,56 269,58 160,13.9,3.7,19.2,36.2,27,4.3,20157,77,ländliche Region,"kleinstädtischer, dörflicher Raum",43.7692307692308,0.53,0.47
12072,Teltow-Fläming,Landkreis,2 104.22,168 296,83 842,84 454,16.1,5.1,23.5,33,22.3,3,20012,77,ländliche Region,"kleinstädtischer, dörflicher Raum",43.7692307692308,0.53,0.47
12073,Uckermark,Landkreis,3 077.01,119 552,58 670,60 882,14.4,4.4,19.9,34.3,27,6.1,18436,77,ländliche Region,"kleinstädtischer, dörflicher Raum",43.7692307692308,0.53,0.47
13003,Kreisfreie Stadt Rostock,Hansestadt,181.36,208 886,102 911,105 975,14,8.2,28.4,25.9,23.5,7.3,18420,72,Stadtregion,Regiopole und Großstadt,36.1666666666667,0.49,0.51
13004,Kreisfreie Stadt Schwerin,Landeshauptstadt,130.52,95 818,46 054,49 764,15.6,6.3,24.8,28.2,25.1,14.8,19155,72,Stadtregion,Regiopole und Großstadt,36.1666666666667,0.49,0.51
13071,Landkreis Mecklenburgische Seenplatte,NA,5 495.60,259 130,127 108,132 022,15,4.5,21.6,33.9,25,6.3,18961,77,ländliche Region,"kleinstädtischer, dörflicher Raum",43.7692307692308,0.53,0.47
13072,Landkreis Rostock,NA,3 431.29,215 113,107 111,108 002,16.2,4.1,22,34.6,23.2,3.7,20262,77,ländliche Region,"kleinstädtischer, dörflicher Raum",43.7692307692308,0.53,0.47
13073,Landkreis Vorpommern-Rügen,NA,3 215.41,224 684,110 477,114 207,14.6,4.5,22,33.5,25.4,5,19225,77,ländliche Region,"kleinstädtischer, dörflicher Raum",43.7692307692308,0.53,0.47
13074,Landkreis Nordwestmecklenburg,NA,2 127.08,156 729,77 899,78 830,15.7,5,23.4,32.9,22.9,3.8,19343,77,ländliche Region,"kleinstädtischer, dörflicher Raum",43.7692307692308,0.53,0.47
13075,Landkreis Vorpommern-Greifswald,NA,3 945.56,236 697,115 881,120 816,14.6,5.5,23,32.4,24.5,9.4,18207,77,ländliche Region,"kleinstädtischer, dörflicher Raum",43.7692307692308,0.53,0.47
13076,Landkreis Ludwigslust-Parchim,NA,4 766.79,212 618,106 198,106 420,15.3,4.3,22.3,34.9,23.1,4.5,20105,77,ländliche Region,"kleinstädtischer, dörflicher Raum",43.7692307692308,0.53,0.47
14511,Chemnitz,Stadt,221.05,247 237,122 248,124 989,14.8,6.1,25.3,26.2,27.6,9.5,19999,72,Stadtregion,Regiopole und Großstadt,36.1666666666667,0.49,0.51
14521,Erzgebirgskreis,NA,1 827.91,337 696,165 218,172 478,15.2,4.2,20.7,31.1,28.8,6,20053,76,ländliche Region,"Mittelstadt, städtischer Raum",36.4166666666667,0.51,0.49
14522,Mittelsachsen,Landkreis,2 116.85,306 185,152 310,153 875,15,4.6,21.5,31.3,27.6,4.3,20251,77,ländliche Region,"kleinstädtischer, dörflicher Raum",43.7692307692308,0.53,0.47
14523,Vogtlandkreis,NA,1 412.42,227 796,111 055,116 741,14.3,4.3,20.4,31.5,29.5,7.5,20110,77,ländliche Region,"kleinstädtischer, dörflicher Raum",43.7692307692308,0.53,0.47
14524,Zwickau,Landkreis,949.78,317 531,154 978,162 553,14.6,4.6,20.9,31.1,28.8,6.3,20762,76,ländliche Region,"Mittelstadt, städtischer Raum",36.4166666666667,0.51,0.49
14612,Dresden,Stadt,328.48,554 649,276 729,277 920,16.6,8.1,30.1,23.4,21.8,7,19514,71,Stadtregion,Metropole,39.8571428571429,0.48,0.52
14625,Bautzen,Landkreis,2 395.61,300 880,148 502,152 378,15.9,3.9,21.1,32.2,26.9,5.6,20175,77,ländliche Region,"kleinstädtischer, dörflicher Raum",43.7692307692308,0.53,0.47
14626,Görlitz,Landkreis,2 111.41,254 894,124 905,129 989,14.9,4.5,19.8,31.8,29.1,7.1,18953,76,ländliche Region,"Mittelstadt, städtischer Raum",36.4166666666667,0.51,0.49
14627,Meißen,Landkreis,1 454.59,242 165,119 304,122 861,15.9,4,21.4,31.6,27,4.9,20970,77,ländliche Region,"kleinstädtischer, dörflicher Raum",43.7692307692308,0.53,0.47
14628,Sächsische Schweiz-Osterzgebirge,Landkreis,1 654.19,245 611,121 219,124 392,16.4,4.1,21.8,30.6,27.1,5.2,20575,77,ländliche Region,"kleinstädtischer, dörflicher Raum",43.7692307692308,0.53,0.47
14713,Leipzig,Stadt,297.8,587 857,288 553,299 304,15.8,8.3,32.1,23.2,20.5,6.9,18379,71,Stadtregion,Metropole,39.8571428571429,0.48,0.52
14729,Leipzig,Landkreis,1 651.30,257 763,126 380,131 383,15.7,4.1,21.3,32.9,26.1,4.4,21339,76,ländliche Region,"Mittelstadt, städtischer Raum",36.4166666666667,0.51,0.49
14730,Nordsachsen,Landkreis,2 028.56,197 673,98 218,99 455,15.3,4.2,21.9,33.4,25.2,7.2,20021,77,ländliche Region,"kleinstädtischer, dörflicher Raum",43.7692307692308,0.53,0.47
15001,Dessau-Roßlau,Kreisfreie Stadt,244.71,81 237,39 457,41 780,13.3,4.6,20.5,30.8,30.8,11.6,19953,74,Stadtregion,"kleinstädtischer, dörflicher Raum",44.4,0.51,0.48
15002,Halle (Saale),Kreisfreie Stadt,135.03,239 257,115 713,123 544,15.4,8.8,26.6,25.2,23.9,12.4,17883,73,Stadtregion,"Mittelstadt, städtischer Raum",39.0476190476191,0.52,0.49
15003,Magdeburg,Kreisfreie Stadt,201.01,238 697,117 828,120 869,14.9,8,26.6,26.4,24.1,9.9,18842,72,Stadtregion,Regiopole und Großstadt,36.1666666666667,0.49,0.51
15081,Altmarkkreis Salzwedel,NA,2 293.36,83 765,41 748,42 017,15.4,4.7,21.7,34.5,23.6,4.9,20251,77,ländliche Region,"kleinstädtischer, dörflicher Raum",43.7692307692308,0.53,0.47
15082,Anhalt-Bitterfeld,Landkreis,1 453.82,159 854,78 326,81 528,13.7,4.5,20.9,33.6,27.3,4.9,19599,76,ländliche Region,"Mittelstadt, städtischer Raum",36.4166666666667,0.51,0.49
15083,Börde,Landkreis,2 366.91,171 734,85 660,86 074,15.4,4.5,22.6,34.4,23.1,3.4,20847,77,ländliche Region,"kleinstädtischer, dörflicher Raum",43.7692307692308,0.53,0.47
15084,Burgenlandkreis,NA,1 413.75,180 190,89 353,90 837,13.9,4.4,21.3,33.2,27.3,6.1,19438,77,ländliche Region,"kleinstädtischer, dörflicher Raum",43.7692307692308,0.53,0.47
15085,Harz,Landkreis,2 104.72,214 446,105 101,109 345,13.9,4.7,20.9,33,27.5,6.9,19855,76,ländliche Region,"Mittelstadt, städtischer Raum",36.4166666666667,0.51,0.49
15086,Jerichower Land,Landkreis,1 576.94,89 928,44 781,45 147,14.7,4.3,21,34.8,25.2,8.2,20587,77,ländliche Region,"kleinstädtischer, dörflicher Raum",43.7692307692308,0.53,0.47
15087,Mansfeld-Südharz,Landkreis,1 448.92,136 249,66 992,69 257,13.5,4.1,19.9,33.7,28.9,5.6,19033,76,ländliche Region,"Mittelstadt, städtischer Raum",36.4166666666667,0.51,0.49
15088,Saalekreis,NA,1 433.91,184 582,91 361,93 221,15,4.5,21.8,33.6,25.1,3.4,20626,77,ländliche Region,"kleinstädtischer, dörflicher Raum",43.7692307692308,0.53,0.47
15089,Salzlandkreis,NA,1 427.33,190 560,93 148,97 412,14,4.7,20.6,33.3,27.4,6.8,19190,77,ländliche Region,"kleinstädtischer, dörflicher Raum",43.7692307692308,0.53,0.47
15090,Stendal,Landkreis,2 423.42,111 982,55 278,56 704,14.9,4.8,20.9,34.6,24.8,8.8,18991,77,ländliche Region,"kleinstädtischer, dörflicher Raum",43.7692307692308,0.53,0.47
15091,Wittenberg,Landkreis,1 930.48,125 840,61 933,63 907,13.7,4.2,20.1,34,28,4.5,20170,77,ländliche Region,"kleinstädtischer, dörflicher Raum",43.7692307692308,0.53,0.47
16051,Erfurt,krsfr. Stadt,269.91,213 699,103 920,109 779,15.6,7.5,27.6,27.4,21.9,8,19265,72,Stadtregion,Regiopole und Großstadt,36.1666666666667,0.49,0.51
16052,Gera,krsfr. Stadt,152.18,94 152,45 517,48 635,14.1,4.9,21.8,30.8,28.4,10.3,19676,74,Stadtregion,"kleinstädtischer, dörflicher Raum",44.4,0.51,0.48
16053,Jena,krsfr. Stadt,114.77,111 407,55 665,55 742,15.4,9.6,31.5,22.5,21.1,12.7,18650,72,Stadtregion,Regiopole und Großstadt,36.1666666666667,0.49,0.51
16054,Suhl,krsfr. Stadt,103.03,34 835,16 960,17 875,12.3,4.9,19.3,32,31.5,14.4,21405,74,Stadtregion,"kleinstädtischer, dörflicher Raum",44.4,0.51,0.48
16055,Weimar,krsfr. Stadt,84.48,65 090,31 655,33 435,16.3,7.3,27,26.7,22.8,9.2,19095,75,ländliche Region,zentrale Stadt,34.8,0.48,0.52
16056,Eisenach,krsfr. Stadt,104.17,42 370,20 874,21 496,15.2,5.3,24.2,29.6,25.6,9.3,19570,74,Stadtregion,"kleinstädtischer, dörflicher Raum",44.4,0.51,0.48
16061,Eichsfeld,Kreis,943.07,100 380,50 364,50 016,17,4.8,24,31,23.1,4.2,19993,77,ländliche Region,"kleinstädtischer, dörflicher Raum",43.7692307692308,0.53,0.47
16062,Nordhausen,Kreis,713.9,83 822,41 477,42 345,14.9,5.9,21.7,31.7,25.8,11.6,18643,77,ländliche Region,"kleinstädtischer, dörflicher Raum",43.7692307692308,0.53,0.47
16063,Wartburgkreis,NA,1 307.44,123 025,61 525,61 500,15.1,4.4,22.4,33.2,24.9,4.3,20872,77,ländliche Region,"kleinstädtischer, dörflicher Raum",43.7692307692308,0.53,0.47
16064,Unstrut-Hainich-Kreis,NA,979.69,102 912,51 119,51 793,16,4.9,22.2,32.3,24.5,12.4,18980,77,ländliche Region,"kleinstädtischer, dörflicher Raum",43.7692307692308,0.53,0.47
16065,Kyffhäuserkreis,NA,1 037.91,75 009,37 274,37 735,14.5,4.4,20.9,33.7,26.5,6.1,18539,77,ländliche Region,"kleinstädtischer, dörflicher Raum",43.7692307692308,0.53,0.47
16066,Schmalkalden-Meiningen,Kreis,1 210.73,122 347,61 186,61 161,14.2,4.8,22,33,25.9,5.8,20639,77,ländliche Region,"kleinstädtischer, dörflicher Raum",43.7692307692308,0.53,0.47
16067,Gotha,Kreis,936.08,135 452,67 468,67 984,15.4,5,22.6,32.2,24.8,3.7,19524,77,ländliche Region,"kleinstädtischer, dörflicher Raum",43.7692307692308,0.53,0.47
16068,Sömmerda,Kreis,806.86,69 655,34 762,34 893,15.6,4.4,22.4,33.8,23.8,0,19526,77,ländliche Region,"kleinstädtischer, dörflicher Raum",43.7692307692308,0.53,0.47
16069,Hildburghausen,Kreis,938.42,63 553,31 766,31 787,14.6,4.5,23.1,33.4,24.3,7.9,20506,77,ländliche Region,"kleinstädtischer, dörflicher Raum",43.7692307692308,0.53,0.47
16070,Ilm-Kreis,NA,843.71,108 742,54 633,54 109,14.7,5.7,23.2,31,25.4,5.2,19527,77,ländliche Region,"kleinstädtischer, dörflicher Raum",43.7692307692308,0.53,0.47
16071,Weimarer Land,Kreis,804.48,81 947,40 645,41 302,16.5,4.6,22.3,33.2,23.4,12.8,19778,77,ländliche Region,"kleinstädtischer, dörflicher Raum",43.7692307692308,0.53,0.47
16072,Sonneberg,Kreis,433.61,56 196,27 673,28 523,13.5,4.6,21.2,33.3,27.4,6.8,20792,76,ländliche Region,"Mittelstadt, städtischer Raum",36.4166666666667,0.51,0.49
16073,Saalfeld-Rudolstadt,Kreis,1 036.03,106 356,52 388,53 968,13.8,4.2,20.6,33,28.4,9.2,20217,77,ländliche Region,"kleinstädtischer, dörflicher Raum",43.7692307692308,0.53,0.47
16074,Saale-Holzland-Kreis,NA,815.24,83 051,41 360,41 691,15.2,4.5,21.5,33.3,25.4,7.8,19933,77,ländliche Region,"kleinstädtischer, dörflicher Raum",43.7692307692308,0.53,0.47
16075,Saale-Orla-Kreis,NA,1 151.30,80 868,40 119,40 749,14.8,4.4,21.1,33.5,26.1,1.5,19911,77,ländliche Region,"kleinstädtischer, dörflicher Raum",43.7692307692308,0.53,0.47
16076,Greiz,Kreis,845.98,98 159,48 326,49 833,13.9,4,19.3,34.2,28.5,4.1,20469,77,ländliche Region,"kleinstädtischer, dörflicher Raum",43.7692307692308,0.53,0.47
16077,Altenburger Land,Kreis,569.4,90 118,44 138,45 980,13.6,4,19.4,33.1,29.9,6.8,19758,77,ländliche Region,"kleinstädtischer, dörflicher Raum",43.7692307692308,0.53,0.47
